7LEE2P5S2,4
7C9ZYE5F4,4
VBPHH455J,4
29MYCW4BM,4
8KUPXA5RD,4
WEG2DGNF6,4
9KKVP6MZJ,4
JURBUDPT8,4
3LK3Z5LFJ,4
CRYWSTBJG,4
VR54MNVEK,4
CFHGAGG5S,4
7UJBY8DKB,4
VPDJ3K7GU,4
9KFBYZG7Y,4
KC6YWBXJ7,4
TLKXK2BJV,4
GCH95NXD6,4
FLV9GCF7W,4
6WPDVST9K,4
RHCJTASSF,4
V8V6CZDVJ,4
NAG9Z4D83,4
MX3XYRHE5,4
7SLLENKSA,4
H8X327ZNZ,4
DHT3Y22EP,4
8XTMDNDM8,4
97VUR2J7P,4
NX5RGRAL8,4
GZ4NW3UCN,4
9YF5E2RLM,4
MX7JY87TY,4
VSVFB86VU,4
UETCK5GUN,4
UCP4ME4AX,4
WDDU28CLR,4
9XGC89BVU,4
TGW7CS74H,4
9ABDRE7H4,4
ZGT7XVVVF,4
VKUTNSTJY,4
77FKEUFJU,4
46X5NLEBT,4
ULNKK3XMV,4
8ZRB97BK9,4
UJXD5KMN7,4
JBGYE5ZNX,4
SZKME2P9K,4
Y7Y3EXDSL,4
PHS6JH9PD,4
NPUCTL6KH,4
ZFUTAANKB,4
YE796S4BS,4
LXT9DE8NY,4
HDAK4X2XP,4
D6YMLXLZR,4
FYNSKMWSV,4
TLWX7MT5U,4
XFBWJMKD8,4
C2E82VY9T,4
RVNMVCJRC,4
9PF6RNGFX,4
ZP5NEULDN,4
V2SL4295W,4
FV6MCP3PR,4
7WF92AU6S,4
NPUGLAJW9,4
UYRWC2MSB,4
JTXEBAM35,4
FPUW9KADJ,4
3VZU9SX38,4
FUEWYZTUF,4
TTJ6A3FF3,4
UJZ7U3E3C,4
NYXWV9PZK,4
DZZ7LE69N,4
86CTUSTXW,4
DHM2TTPNS,4
SCHE9TUZV,4
C9XPXRPEY,4
MSBWZH7ZN,4
5S4NTXGX6,4
ZCD2ME9SV,4
LGNKZNZBU,4
H75SJXVTC,4
UJTDAFKEU,4
KU7TTNCAC,4
T93CGKK6E,4
7S3YM53PJ,4
9N5DGBEPJ,4
HRR82TXDL,4
MS4AUCNGL,4
CVHNSD4L8,4
2YB457LWT,4
PEF6X3PED,4
6AGCJJCYU,4
TFNGZHXNU,4
TND8PT335,4
HM8PHWRF5,4
EBVX384B4,4
NJFRU2WVG,4
SBVLMA7KZ,4
KXKX4PV24,4
LEB8B5UHZ,4
L26WVJJU7,4
THPKADRNY,4
LA8YGCN4W,4
56VUL5H3P,4
BH8GXVLFS,4
C42NCXGKY,4
4B8KLNEFJ,4
SEKGELZDU,4
G54ZLKVVD,4
6842NAU8P,4
N24767SBY,4
PUURXBPV4,4
LXDWFKCGZ,4
VDDZ64MDF,4
2YT98CZ5B,4
FHCTD55VZ,4
MT6GP6FKT,4
2SCHS2UJ8,4
HXWEVX8B9,4
7Y7AM42CA,4
PRLRKYX53,4
K6NHR9ACA,4
9FGU4YUXW,4
8LTKBU664,4
8ZGBDGNVH,4
HRRTBPNL5,4
PXRTUAVHH,4
ZJ2W4W5DX,4
K5ES28EF4,4
7EBNXZZFC,4
2VUXUXDKT,4
SDTUUUX3W,4
PJGSJCXKS,4
2XMCY9VBX,4
TMRYKPKRY,4
4S876MW6X,4
4NEE2Y8GZ,4
UXJK8D2K4,4
SJXUF7J3W,4
C4ML3ECZM,4
E6GAC7FUK,4
8BB22ST2B,4
ZMMGY36DJ,4
VUF9PJS8A,4
A8N8UVCDA,4
VP549RBDM,4
6DW2D2KBP,4
UZ97TJHEP,4
C54JAL7ZK,4
EY9TJ6LW7,4
HKM9YT7PL,4
SGDYRE5GR,4
M7HZLFNJA,4
DV99A5C2V,4
JAWNFXRHH,4
YHZNVSBVC,4
B4Z5TGSTG,4
CXA9BZV7B,4
JCYF4VMDJ,4
D9U5K8UDJ,4
6ECER9KLE,4
T7JVGPNVC,4
HWGY9GX3D,4
W96E6XHZB,4
AEV29SMNH,4
YNBWCS3G9,4
M32N8JUT7,4
RSY3L2YBH,4
GH3YTACDA,4
R3KEUGPGN,4
2VNA4SZ2Z,4
DDHKFDNXR,4
LPL93UT97,4
P9WVXRFJL,4
K6D6YFEBU,4
4MSYCPX2R,4
FJDYU3U73,4
Y37473S2M,4
JYFLPH5W9,4
SK5C3RU6Y,4
B2GU4N82X,4
DFC7YECUE,4
8AZXGG5F7,4
835NL4YH7,4
E9HGGNZYZ,4
RK4E6V42E,4
EZ7PD7YU2,4
F24ZPBNYT,4
6DNTR72Z3,4
6DVT5R4U8,4
7XRJULGND,4
USA83H4YM,4
D93K8N69F,4
6DNYNYXAN,4
47JV2KW4H,4
7LPMA5BZV,4
64R4WC32V,4
6Z9AVUNLX,4
LLGV8UNGD,4
LDYRS4S7W,4
9LGXN3H66,4
PGK5EXXK7,4
H9LKDSKXC,4
GYHBLFWY7,4
EHFH8SHBZ,4
SC5A2P3T9,4
24KHD2X9U,4
4P8BXCXVB,4
8PCVDAGHT,4
FG76BGPCG,4
FDY3WUHDF,4
3Z5PCHMNA,4
BZYYW8LPC,4
ZKLCDRMVF,4
CUSVUBY4X,4
BJL32LSHS,4
KNDGK3F3V,4
D4XEZ6UV6,4
L4EEDHCPW,4
28LC27X75,4
XCLZ689UB,4
YZ938TJPJ,4
VVZM8R36M,4
7SAKR9Z6U,4
39YF4CYN8,4
3TV6N6KC4,4
ZZWRFR65K,4
N9CVJTKRJ,4
SZDUSAX25,4
MU5MS3Y7R,4
PESVGTJKG,4
US4DZL8RZ,4
YZM8G28PB,4
XDMWD4UPL,4
JXVJNV499,4
74T8XBTNH,4
96ZFGWMC2,4
HM2NX6NG3,4
CMYEAWTAZ,4
7CURNW6VD,4
U25N6Z942,4
Z3RNCG5M8,4
A4YS7DFKG,4
JKD2CZ7UL,4
NSG5XLFCL,4
VU67F8L9J,4
W57K8LXUP,4
Z5X69Z8T4,4
E8HMKDU84,4
J4XYNGV7B,4
C3C7C4W77,4
E2EU9BW9K,4
MBDPXC683,4
GTKTFHMF6,4
5HZMEYVAY,4
HV48NTSAU,4
HMRH7Y6G7,4
54ECNAN84,4
9G9GSYULW,4
HKLD7JS7T,4
RXKFWV2XX,4
2F9PPD7PP,4
M7LFUZG2Z,4
ES5SJ2G5N,4
2VV2S2RPW,4
TA8288Y4W,4
YHX9BWCD8,4
BSCBHZR4Y,4
2NHHTH6VT,4
BNMVX86YN,4
XWWN9MCYE,4
A45BV3943,4
GZN86G9CU,4
NXEYC8AT8,4
PMVE7YPNY,4
AERLLEMEC,4
3XJCWNNPY,4
EUKF67K3S,4
8JE2BV3NZ,4
7UB8MNM8V,4
6YD4PTDYF,4
H7W8ML3W9,4
59NS26HFB,4
P2JANR99H,4
V9DXVRT7H,4
47LYLZMN8,4
HUS5NYV4B,4
57YALPAKA,4
55RLRS7CV,4
7JVZ5HNEE,4
D2A5FCTD8,4
AWT79Y2EW,4
73V4G4B8A,4
TFK9K39R6,4
5TJ6W2J4Y,4
8GDECKUUA,4
4X7667Z3G,4
ZD7YW9GLL,4
STPXYH54G,4
MK4563MLY,4
SFB3BB3YT,4
NDSPLB4PB,4
6E6N48YJ2,4
DRFL6F7BA,4
R5G3BNR6L,4
UNPZYNZ94,4
3CBBWGY83,4
B92ASNPBP,4
73AUW8EG5,4
K6AYK9KMH,4
U8F97K8T8,4
LZFNXU6V6,4
KRLVZK24R,4
7LHZRSA6R,4
7XW7CV6J9,4
HS57KP7C8,4
YW9G76U8M,4
K9LZ8NUCN,4
7JTPCYGDL,4
YLX8F7MSZ,4
M5WZ4BN3Y,4
WMKPB5MXP,4
2ZP2USHP7,4
CN84BSZVH,4
PJNVBANKV,4
6KEXWPETD,4
AKYV79ZVU,4
N4FWUDYHE,4
EVD4TTDZ9,4
EZVTRSKBE,4
S8ZBCLA4H,4
9SB8A8WFL,4
FMB399K5B,4
95NWFXGY3,4
FHG3JGVXC,4
TAV33R7KT,4
8KBTZKPRZ,4
Z45HSDBKT,4
T8KEUAEVP,4
6SBHFYG8D,4
LDXJ9X2DA,4
PLW8EN86V,4
WGMGD2NGN,4
2ZD8P5KKD,4
VT8EPYCTP,4
2ZCHJARHY,4
RN7G9KDAP,4
3L6WUFEBZ,4
L55BEYJTH,4
NKMV7CYAJ,4
88UCZUWZW,4
MYDYKLZ9Z,4
WL49XEBUR,4
YBA6TF2UX,4
NDKS4AFTD,4
6NYCY5LHE,4
VHC7UXKVJ,4
PEEXE7HE7,4
N66675KBK,4
XJ7AY9X4N,4
KV685ZDUN,4
FCUTKC7UV,4
KJJEUGP6C,4
NWM2DHMFX,4
GWN5JRWYD,4
GHCPDR429,4
7T4EXFPL2,4
R44U947AV,4
HXAEHE3GM,4
VLTWWZNAS,4
Y9L9VAG6D,4
PF8S766JF,4
6UWM9SHJA,4
W8E8RSV44,4
BEXLANM6A,4
K7NU2VFPE,4
6KULK5SHH,4
3CR495W78,4
H7KWZUFZA,4
SLZM6NPRL,4
K6YJES5P9,4
PJZ6SVCK8,4
CLZUY3X95,4
XJBWYSEY3,4
5Z56KPXC5,4
V6N5KKGBL,4
8K6RSU9B7,4
435YYT8GX,4
V4FBEXY43,4
NEM6WTNP9,4
W2B5WCAUK,4
CYKS3WFS3,4
A6XX3R9EW,4
BNUURW9Y6,4
A93ZLTU5T,4
MNY4XML49,4
WCJ67TSDS,4
8R3C9PT3H,4
2X7PZG3MJ,4
KWXVN9MTR,4
UZJGBSJ6R,4
WMTV7X736,4
3DGRK87H7,4
XWJL674GF,4
JJEKFGJWB,4
C5NDM4VRF,4
8E7X4UJY6,4
RS3MACWJZ,4
BABWPSNTK,4
ZC2LA4RDU,4
TUKUMLFLT,4
RBDCYFLH5,4
6TLHUF4SN,4
68SXXEAEF,4
TR2TD5L4X,4
HNFN56Z8K,4
GSLMYCY9V,4
NGMZ6V737,4
7WCJPY34E,4
F8MJESZ67,4
6VYHMKGR9,4
EH5VVABAH,4
8WCC28YKU,4
9R6VAHKXZ,4
NKWV58LET,4
N8EZJKMUT,4
ZJCC97G9P,4
EMSDNLKXX,4
H44Z5D7PR,4
GBL2F28SF,4
NW7M3NFSD,4
FSMBMBSGK,4
YLKE933TK,4
YLW3RSFCN,4
C7MXV2VJK,4
2H6C9XV5M,4
ZKUDS8ZX8,4
GRUD4FDE6,4
JLLP8H5S4,4
ZB6BN9UHC,4
JCSRRHLVZ,4
SDHP23RL2,4
L5F7B2TV7,4
TR98ZNPEG,4
JYJD677SJ,4
YFKCTJCP2,4
LD48MBM8R,4
DJK9D2PL7,4
JCZ2PL98S,4
RY2YDJZ4R,4
HJ2RWVUVF,4
C8TJCGPPX,4
K7ZPYFCDN,4
R7MYDSBL8,4
CP89399XV,4
E38B5UXY4,4
G92R7YK53,4
2ZYU82EZX,4
NKYA377FU,4
CUXZYJASS,4
D463ESMHJ,4
UPH2BEXAH,4
WCYKZWLLG,4
7AGU3LJ7Y,4
LA89G74S4,4
25R76TRBM,4
CATGCS4H7,4
8EXP7LFC2,4
YYP7JPEYN,4
M47HDWPKS,4
56ANKPYDS,4
V5VB6FPJC,4
UGVYKRJ59,4
NHRC8RRU7,4
EUTANW6GU,4
RYGFYYT2A,4
LX6MS5XMX,4
4J6SY5VKY,4
NMEHZWPNT,4
NZFGNXC83,4
CALGAKZ55,4
ZWRJVDX22,4
25DBLNK8X,4
67YKEP8XY,4
NK6JFHPUK,4
FTBJVWWR6,4
EN274K4JU,4
AYDBKGT5B,4
ABW479DVL,4
CMGLVSZM7,4
XAAYWR9EJ,4
9PGKHP8D4,4
R9DYRLANG,4
CFLM8XVNE,4
GHY62842C,4
ZE3AAMY33,4
F2RBKFBXK,4
6UC6UA2D9,4
U3J7YRAUR,4
TN76B8Z92,4
RL384N8B4,4
FUUX38D3T,4
R5KY7CAJ8,4
ZKK43VBSG,4
EVNCKG3PV,4
53832XWX8,4
JDS6SJZWS,4
GZ3D9HTED,4
UWRCJCAKY,4
W2JR3X8W2,4
TTH2BPD2N,4
58WGZFCAM,4
P54D5VK4F,4
JBYRG42CM,4
73EC8BC9E,4
ECMGHJBHZ,4
WR8W4JTRD,4
N6LND7Z7R,4
5HC4KBJCA,4
MYSLDREH8,4
PL42E8JDT,4
DLFRHTNCB,4
G7WAPPHUM,4
GEYR93BEF,4
GYV9WV2U2,4
W3XY7A8XW,4
9E7DR8X9K,4
9ZK6HKGYA,4
JDH5TKYKA,4
7H5S6JD6U,4
X3SY5R7KV,4
EEMF5YJEZ,4
DLE4A4AFM,4
FSRJETFL8,4
NHHRYHXAY,4
KDPGNSYDC,4
UUHDXJ2SX,4
S324S4KJU,4
MMY9XM6UU,4
9AP2DNNYJ,4
474R8CCY2,4
L8RYH95DB,4
WPG7DT4RW,4
69GLVZEPR,4
CP8DBTLCP,4
HTRUXJNYD,4
EL8WPRPDX,4
PKKXL7CNU,4
BZMA99UXE,4
4JXKJP5UZ,4
N2BN3TNJY,4
DETX4MNJA,4
ZEDA9FN5H,4
LEY8W9RHY,4
CMYR7CM3D,4
KU5CJ7DAX,4
YMLNSSKMC,4
KZGS2NBZP,4
JCWGAZ99B,4
V6NS62JJ7,4
3F9M8KA2Z,4
5SZ6KJKXV,4
ZDZ696CVY,4
JWNJ9W8JS,4
6HNYLL6KA,4
44MMAMS3G,4
2FSR9WUAP,4
62Y9CDW5D,4
GMSNFGVWA,4
ACA3DB5KR,4
ATJBPN4YG,4
5ML6X234B,4
Z2YFMSFMX,4
L677Z7MRK,4
E2DT8GMLY,4
RZTRSKV3R,4
39NV7Z4HF,4
RW72JCSVL,4
37JT55NM9,4
G29AV3FUN,4
TAWTMDPKE,4
7DUJFFVVR,4
74CFE5W7D,4
4LHYRZBV4,4
MY6GTP4B9,4
UYV9NHWTL,4
K35834NAS,4
SR7REAL5U,4
3HAW5YU2A,4
V3MVB77SR,4
8JE9TW2KW,4
YAL3CTX6C,4
JUL6AGY39,4
XRHGHD3ND,4
9JPM7MUV6,4
BN5E2P6Y9,4
LPBHT9JKF,4
YWYRBG2S3,4
K5DF9M2LC,4
KUUSYYGBP,4
9NVC2XUKJ,4
WAGPSEA4E,4
2V7WPB2RH,4
2KKYVE5PT,4
A2HA46UET,4
JLVJ9287K,4
6ZRKCG2AA,4
NASBBF8LT,4
MNHXDPLRK,4
ZLSLY96TW,4
6W9DP8LRD,4
K93J8BFNX,4
TS58RWXKR,4
GFABSFJ28,4
TRP2ZAHF5,4
LZ8TCKX5H,4
K33GE7FGM,4
NLS6CCXBB,4
99ZB2T9JL,4
K8HMATJ6V,4
4RJR6LX3Y,4
NV46UY8VS,4
D89WJRD2H,4
83N2KCU4F,4
DM8JLT86F,4
FPMCYYYR4,4
GDRA82P4B,4
FGSYU6S5N,4
DPFRTUVC5,4
EDGCCFFGU,4
G6DW88MCH,4
G9RV77PGJ,4
RD3ZAJ7MU,4
9JN7EL7JW,4
6MWZCFDBH,4
57EGRST8Y,4
NPHPJXJA3,4
DCX34BD3P,4
L4F75JV2C,4
XZXKZ4U8B,4
66VJF7P7A,4
C5FTMH3FW,4
CVPU89BSC,4
8B27BY9ZE,4
AR834USJX,4
4ZJEFYSWJ,4
TTU8APDBB,4
JVF97SXML,4
3689V6WCB,4
RN4SCMTZ5,4
M5W4K4MRA,4
EHEW7VM9S,4
FWTDBHJDB,4
YHHDXN94P,4
8MB4BYEEJ,4
7HVGEZ64G,4
WB7ERCPJZ,4
RYCWXASEF,4
54NW2RAVV,4
K6NKXTCA6,4
3WPYZGTDE,4
A82RXR3T8,4
HHAV5ACUN,4
PUT8V77WS,4
298VKATKR,4
LX5UDY6HS,4
HENMH35VF,4
W8DE7TMZA,4
3LN5VND2H,4
HABZXYXSA,4
SNM8F7CLV,4
FM2AYWYY4,4
EW6PFK9R9,4
5W5LX3886,4
CUWWAL3JJ,4
X997MJCEZ,4
YP7ZXG3R8,4
34SVHYYB5,4
MWL7Z4FJP,4
BTPM7DXCD,4
RP4WM6BEJ,4
GSRTMRE5J,4
9GMYBRDX9,4
W8WPEG5RE,4
GZ98ASN7V,4
YDVHMEZK9,4
KYXMJ9CXF,4
NUNVWDNZ9,4
TBEWSKFVR,4
L6JJ5KRWK,4
ADBKYW3VK,4
ZHMHB6JA6,4
5V22T7G7F,4
FU3H9SNJ2,4
MAA332HAD,4
P9G5RJ46U,4
RL27RGVAF,4
M8DLLZRYA,4
NK7XY85G4,4
CY87X4WPN,4
HFAEUMUWG,4
EHMJL4MVN,4
Y826MNDZ5,4
Y39DL5RRY,4
6NGGD4L8P,4
S8KETSKA3,4
JBTDPTT3L,4
DLUTM6SSM,4
VKTDYRUA8,4
ZM7NSVKEG,4
CMCRN8S52,4
VPM2Z48GA,4
AA87FD3A4,4
3545W3T5Z,4
BX29C4ZGK,4
CH85YFTAX,4
VP32G2VZB,4
NZVBZ7FEE,4
3W6JKULVV,4
KTS5E4M8Y,4
L3S25H3HN,4
MUEC6UNCR,4
47JGCXKBU,4
F99ESFLYF,4
2GEYUHBTD,4
C3W8WUH8C,4
6NWGYN7LK,4
W7Z6XU5PW,4
ZCHM9GVNV,4
KB8W4UFP9,4
PLFEJ8STW,4
PRPG98SAX,4
2829B3LN2,4
APDJ6BN6D,4
KBVNPB9KW,4
YT7PZHPMZ,4
EJEDW246D,4
F5BCPAS8Y,4
BMZDK36JB,4
RZLXAEB8A,4
7ARH582F8,4
Y8WR8GSSS,4
RGLU389R7,4
RK3HLRF95,4
AK7NRPXM3,4
WVLMPWJAF,4
CPS75XJTT,4
WMK28DLV6,4
4V7DU69A4,4
FPYEDJHKH,4
F5M27E2NK,4
Z5P9FAFDD,4
2UDAV5R72,4
RJ2NHG8K2,4
4JBZ55TEN,4
Z6LTPP3WL,4
VBNJX7HCE,4
BEEWJDKWC,4
U9M2BY9MG,4
3YJ9HK72E,4
X55C7CLMM,4
SKRMUG893,4
Y6KXH3T9L,4
Y5WF8W2ER,4
2B28JV2BX,4
9M5G6L8DX,4
RC38LSS99,4
WAALY7NC6,4
5CFCGPHS9,4
5CK276VYB,4
F3E8LRH5E,4
ES9CFDP3G,4
X6EMFGTD2,4
73MNGHGWZ,4
S26RZC6AD,4
HXSG84WAB,4
WCE8S7L4X,4
Y89L3VLGN,4
JNFZYXSPZ,4
4WVJBR7ZV,4
X3RY4K8NH,4
F4MLXFAVH,4
LB9D3MSHC,4
9YU32BYXH,4
E4A4UCSYZ,4
XY9ANSGS6,4
7YY38UXVJ,4
J2S5WFMPM,4
N248GG57L,4
VYUPXATVU,4
GJV9S7XD2,4
WNWT6S4FK,4
SXMWHY7FU,4
F7PFXWBJE,4
ZZWHP7YTT,4
M3NZBKUGP,4
7PXXAVMTZ,4
X94F3G769,4
ENNJ6YP4Z,4
3EM2G7P3P,4
WS5YBN2EM,4
HCHPP2EA4,4
4VKLH2ZWR,4
R88EALSLN,4
WCTXNZEVM,4
T3TCR99VW,4
K5YYKVB67,4
ZHPM9FFYD,4
ACTM23YJN,4
LB8L4HJ2T,4
KSBN7H297,4
JCCUUW7RX,4
UFG82G62S,4
83H9WY4PD,4
YZ6XLL6PZ,4
J9YUVHS55,4
7EBYB27X2,4
ARZ2RB6Y8,4
EBDSP7UL3,4
P64UD6KAR,4
EAKDNE4D3,4
B7BU4C7N2,4
53BXFDDT8,4
YV2GHBCV6,4
XZ46UJ3G4,4
NVXKGEWMR,4
JU7U5WH5L,4
LEDJL3T3J,4
T8D3Y5ZKR,4
RJCUXHP2Y,4
HRUEZFK36,4
H5AGFTGMF,4
377SNDM7R,4
296HX4Z49,4
Z29XW6WSS,4
3BU3M7MGK,4
46ZG4HEB7,4
JCZ5FBEM5,4
M26NVV74A,4
ST6EYSTMW,4
CWGG4CRS7,4
4PH6Z5MHJ,4
E3SULZLC9,4
RBTSBJKYK,4
VCRW9MAHV,4
SGCW28H8D,4
6XHPTBFF9,4
ALA626WCR,4
3YNYW3K58,4
DBGKH89LR,4
4NJEDPXND,4
HYMBXEJUT,4
ZHV4D684U,4
4S5WPRN2S,4
CLDX2LPG8,4
FNBGYTHXB,4
UHE4SDXTL,4
3AFFZ5P69,4
WWYJ3V4R7,4
44FLVZJXK,4
79K6NTR3G,4
8KFFM55YD,4
VKMC66TJK,4
DC6244HNW,4
XRVD8W2ZG,4
UTKW7TH8V,4
LEBT2NHZF,4
ANPTMM9VZ,4
RJ5URWSLG,4
NUCX23E3W,4
Z69GMFVFM,4
774LW5Y5A,4
AXGFHYDG9,4
WNC8877NB,4
VCPNB6DCM,4
ZN8WYRNPG,4
AA3B6FUTA,4
P9J94M9US,4
87FMJ47BB,4
4KDPMA9ZS,4
CCDWJR5GF,4
5M8DMKVLS,4
JTTVWT9V9,4
BT6P4WRGW,4
Y5ETGXB9Y,4
4GE9FTWRK,4
DBK2AG9D5,4
CF6P4UP8X,4
PTDW6TEH8,4
2C5ST88ZB,4
N7MRRTVCY,4
6J3HYWVP3,4
78K2YZHUY,4
85YUB3EBE,4
FD9MCVKFE,4
SXHPRC4NS,4
7L432YXGL,4
VG9BXH8DM,4
PC258DC57,4
5GNPLW9GK,4
YHL52FUCF,4
R39GAYAK9,4
P8RDJ534F,4
E4TTTR7DL,4
48445K6D4,4
NKZP8NZN9,4
RLDPBMB84,4
5SZPWNM82,4
MFKJU9L9T,4
SJJGNY6CB,4
J5TAYRK7R,4
JW6YEYK62,4
226K9DXKY,4
6LGSSTN2F,4
UWRJFRVL6,4
ZK89KDJWD,4
C8PKLRNEM,4
CEZPPAMM5,4
NCY4XED4K,4
CNYJ2B2ZW,4
3AB9E2HM9,4
P688RRE4Z,4
77ZDTRVM7,4
TVD52428F,4
D5PBLCWZ9,4
65ME85R92,4
864NRP7ZA,4
MM4FGB3UK,4
NFBL5ERCH,4
MNBLCSBPC,4
4K5ALA8XB,4
9MT5KNJ4G,4
BMDAY9RZT,4
N629SDY4H,4
P3XLAFVYE,4
T7LFWL7L2,4
F4RBFJJH9,4
PP2RNEMHK,4
ECFGXEU5T,4
2FNSCZATE,4
PCZ7GDZXN,4
JBGZ9ENU3,4
SXG5NSHCB,4
JRDST4GDJ,4
CDZ4CWE2Z,4
YFS9U765W,4
TWTRTCZ6J,4
ZPLJTG6LE,4
ZLUVTANWJ,4
ZKZVSGTCT,4
6MY8RHUV3,4
52XMLKZHU,4
8LBX9WPF3,4
EWJFTK5W9,4
YMK3WF5UK,4
B6HK4ZE2M,4
2YTMA55VS,4
DFF8LZNBY,4
RX4SUMHJH,4
9S6ZYLVC8,4
X9NYU8NBF,4
5DPGG6XHB,4
NWWVYMSMP,4
ETUNMBHK3,4
VYGTRME7T,4
79WCCWV67,4
KBYHFJZFC,4
UKAR56ZUT,4
9XHL63SSW,4
4U5VFZJVC,4
XLS8MRFV3,4
F23X76HC8,4
DH2VF2FUZ,4
GKF7NZWZ9,4
3LB28LUEC,4
PTM8P9FYJ,4
PFTHVFE7U,4
A3G4VHD5N,4
H9JXY4ELP,4
7577A7UAK,4
AXF9VHZEX,4
MBVTMD5HR,4
FKU9PTP9E,4
3R82EB85W,4
47VGRRR4N,4
STPMVJZS7,4
7Y7P823VC,4
FMTZBSF4M,4
ADHMC8HKW,4
VAHC9YT6T,4
W4AR9X7KX,4
NGAECFAB3,4
SCZ8JS86Z,4
7GKF9BXE4,4
XK42VDN3D,4
