BY9KH53CW,Regular 2-Day Ticket(4-5 May)
B9F43T8C6,Regular 2-Day Ticket(4-5 May)
5LX7TK4VJ,Regular 2-Day Ticket(4-5 May)
3RNXKWY79,Regular 2-Day Ticket(4-5 May)
WR9RCC9LU,Regular 2-Day Ticket(4-5 May)
8RWHZSJFX,Regular 2-Day Ticket(4-5 May)
CU5YSM38H,Regular 2-Day Ticket(4-5 May)
52M9MRCRU,Regular 2-Day Ticket(4-5 May)
56LT45AL2,Regular 2-Day Ticket(4-5 May)
FNEBWXLVJ,Regular 2-Day Ticket(4-5 May)
3A7AX26SP,Regular 2-Day Ticket(4-5 May)
3H6RCGVDR,Regular 2-Day Ticket(4-5 May)
HPEGU2PM6,Regular 2-Day Ticket(4-5 May)
ZV2L57BYW,Regular 2-Day Ticket(4-5 May)
9BMHFPU96,Regular 2-Day Ticket(4-5 May)
CE877GEK5,Regular 2-Day Ticket(4-5 May)
8D94LKHSH,Regular 2-Day Ticket(4-5 May)
VWR4WV8X8,Regular 2-Day Ticket(4-5 May)
X4C63PK8K,Regular 2-Day Ticket(4-5 May)
RX6VN8LD5,Regular 2-Day Ticket(4-5 May)
9K5B5RMMC,Regular 2-Day Ticket(4-5 May)
VX59JTM7A,Regular 2-Day Ticket(4-5 May)
5UMYED3UP,Regular 2-Day Ticket(4-5 May)
CGLEK7TWM,Regular 2-Day Ticket(4-5 May)
JAWBPFZ9R,Regular 2-Day Ticket(4-5 May)
3MFUWDCTH,Regular 2-Day Ticket(4-5 May)
P3WABBDV9,Regular 2-Day Ticket(4-5 May)
SKFE8UTH8,Regular 2-Day Ticket(4-5 May)
K9MH8VHUP,Regular 2-Day Ticket(4-5 May)
F48PS6W36,Regular 2-Day Ticket(4-5 May)
NZS29S52N,Regular 2-Day Ticket(4-5 May)
FP4C8G7KD,Regular 2-Day Ticket(4-5 May)
26KARHPY9,Regular 2-Day Ticket(4-5 May)
P282GXXSM,Regular 2-Day Ticket(4-5 May)
3LPZG7HU3,Regular 2-Day Ticket(4-5 May)
HP3F43WWD,Regular 2-Day Ticket(4-5 May)
TLFHDDFYF,Regular 2-Day Ticket(4-5 May)
KWH5KU4S9,Regular 2-Day Ticket(4-5 May)
3FVCF2HYM,Regular 2-Day Ticket(4-5 May)
WC5NG4BPF,Regular 2-Day Ticket(4-5 May)
A7C82TXZR,Regular 2-Day Ticket(4-5 May)
SNCZZDNCV,Regular 2-Day Ticket(4-5 May)
Y5SP3PGEW,Regular 2-Day Ticket(4-5 May)
Y9BLVXRMX,Regular 2-Day Ticket(4-5 May)
HHHDNFYN6,Regular 2-Day Ticket(4-5 May)
7VRRM6CS9,Regular 2-Day Ticket(4-5 May)
BPP5REWNB,Regular 2-Day Ticket(4-5 May)
NFYYXWTLU,Regular 2-Day Ticket(4-5 May)
8WF2FEKRW,Regular 2-Day Ticket(4-5 May)
F2T2HHFXR,Regular 2-Day Ticket(4-5 May)
JBNW9JGPD,Regular 2-Day Ticket(4-5 May)
34CEN46C7,Regular 2-Day Ticket(4-5 May)
ADF9XH3HP,Regular 2-Day Ticket(4-5 May)
PZRZWMMCN,Regular 2-Day Ticket(4-5 May)
M3MAZLJL4,Regular 2-Day Ticket(4-5 May)
GXWRJGH6W,Regular 2-Day Ticket(4-5 May)
TUYGSHZDX,Regular 2-Day Ticket(4-5 May)
RAPFJCAFM,Regular 2-Day Ticket(4-5 May)
89SJWKBJG,Regular 2-Day Ticket(4-5 May)
U9UL36LJL,Regular 2-Day Ticket(4-5 May)
YJZEXA788,Regular 2-Day Ticket(4-5 May)
4AWGH2DCN,Regular 2-Day Ticket(4-5 May)
4C3Y255PW,Regular 2-Day Ticket(4-5 May)
897D55APA,Regular 2-Day Ticket(4-5 May)
6WNL8NNYH,Regular 2-Day Ticket(4-5 May)
63F55BEWW,Regular 2-Day Ticket(4-5 May)
2SV2BUDXE,Regular 2-Day Ticket(4-5 May)
4ZYLEUWCJ,Regular 2-Day Ticket(4-5 May)
AHLRD68GG,Regular 2-Day Ticket(4-5 May)
6JWVA5UT2,Regular 2-Day Ticket(4-5 May)
3349UKRK4,Regular 2-Day Ticket(4-5 May)
9CY6TK36Z,Regular 2-Day Ticket(4-5 May)
MD8FMEFZB,Regular 2-Day Ticket(4-5 May)
YP2SLYP9E,Regular 2-Day Ticket(4-5 May)
PP9AX84UA,Regular 2-Day Ticket(4-5 May)
4NN9VWZB8,Regular 2-Day Ticket(4-5 May)
7S7RSXDNS,Regular 2-Day Ticket(4-5 May)
9A2HFRGS3,Regular 2-Day Ticket(4-5 May)
X3D2C73U7,Regular 2-Day Ticket(4-5 May)
96JR8C6UP,Regular 2-Day Ticket(4-5 May)
9D8Y65VYX,Regular 2-Day Ticket(4-5 May)
MWMHYHWD8,Regular 2-Day Ticket(4-5 May)
R6X2S8M6T,Regular 2-Day Ticket(4-5 May)
ML38LCR3S,Regular 2-Day Ticket(4-5 May)
BSV3NSAMX,Regular 2-Day Ticket(4-5 May)
CWWTLA7SM,Regular 2-Day Ticket(4-5 May)
R58BYKNUZ,Regular 2-Day Ticket(4-5 May)
6MS6XGFRY,Regular 2-Day Ticket(4-5 May)
5JNET9VT9,Regular 2-Day Ticket(4-5 May)
GGE34V64Y,Regular 2-Day Ticket(4-5 May)
9CU273JTF,Regular 2-Day Ticket(4-5 May)
ZRUG34W7W,Regular 2-Day Ticket(4-5 May)
5AZXZ3JD4,Regular 2-Day Ticket(4-5 May)
D7HYE4MU7,Regular 2-Day Ticket(4-5 May)
VDRFB66FK,Regular 2-Day Ticket(4-5 May)
CNKZGHLRE,Regular 2-Day Ticket(4-5 May)
DFSML2MZF,Regular 2-Day Ticket(4-5 May)
DLXFCYXLX,Regular 2-Day Ticket(4-5 May)
DYF2ZLXTR,Regular 2-Day Ticket(4-5 May)
FXJFMYEAN,Regular 2-Day Ticket(4-5 May)
XFPEHXUAW,Regular 2-Day Ticket(4-5 May)
YURZCRTVK,Regular 2-Day Ticket(4-5 May)
9NVHM7DNP,Regular 2-Day Ticket(4-5 May)
CBH6YLC2A,Regular 2-Day Ticket(4-5 May)
X7RDBJPWP,Regular 2-Day Ticket(4-5 May)
SW2PBTT3A,Regular 2-Day Ticket(4-5 May)
MPGLAH2Y4,Regular 2-Day Ticket(4-5 May)
ZWW8VRFBR,Regular 2-Day Ticket(4-5 May)
J5ZFGX8TX,Regular 2-Day Ticket(4-5 May)
WPU9BBNFA,Regular 2-Day Ticket(4-5 May)
DNWZ9CWXX,Regular 2-Day Ticket(4-5 May)
CDXZNDSP7,Regular 2-Day Ticket(4-5 May)
WYXBCRDW4,Regular 2-Day Ticket(4-5 May)
UX67LU2DT,Regular 2-Day Ticket(4-5 May)
TRZLYYGSL,Regular 2-Day Ticket(4-5 May)
DE2GA8GCE,Regular 2-Day Ticket(4-5 May)
HZY4ZE8D8,Regular 2-Day Ticket(4-5 May)
Z9GCSDJN4,Regular 2-Day Ticket(4-5 May)
JZZZTTCUN,Regular 2-Day Ticket(4-5 May)
KV4GDY92T,Regular 2-Day Ticket(4-5 May)
VTLK9ST3E,Regular 2-Day Ticket(4-5 May)
5A8G7RM7Z,Regular 2-Day Ticket(4-5 May)
WHP3B6N3X,Regular 2-Day Ticket(4-5 May)
WHW2PPPZX,Regular 2-Day Ticket(4-5 May)
Z49HA4XCF,Regular 2-Day Ticket(4-5 May)
TS3SFFYES,Regular 2-Day Ticket(4-5 May)
YS6UW7J26,Regular 2-Day Ticket(4-5 May)
CDBDJSD32,Regular 2-Day Ticket(4-5 May)
DLRHB66PH,Regular 2-Day Ticket(4-5 May)
JY3NLJK25,Regular 2-Day Ticket(4-5 May)
EDJLSZZY5,Regular 2-Day Ticket(4-5 May)
JUF5XJVB2,Regular 2-Day Ticket(4-5 May)
G3JTZC252,Regular 2-Day Ticket(4-5 May)
4YXETBYCY,Regular 2-Day Ticket(4-5 May)
XJY5B2E3Y,Regular 2-Day Ticket(4-5 May)
MNKAPVGMB,Regular 2-Day Ticket(4-5 May)
EKME98JWU,Regular 2-Day Ticket(4-5 May)
JAVFVYG93,Regular 2-Day Ticket(4-5 May)
ZYXV9L2K3,Regular 2-Day Ticket(4-5 May)
VVZJT5WB3,Regular 2-Day Ticket(4-5 May)
DL6AGVYTF,Regular 2-Day Ticket(4-5 May)
4JVKB5HPS,Regular 2-Day Ticket(4-5 May)
5A2KZ7VU8,Regular 2-Day Ticket(4-5 May)
ZLGPG3BET,Regular 2-Day Ticket(4-5 May)
3N9L8FS52,Regular 2-Day Ticket(4-5 May)
VZ38W9WWT,Regular 2-Day Ticket(4-5 May)
WYAPHLAX2,Regular 2-Day Ticket(4-5 May)
4FV2YWWDJ,Regular 2-Day Ticket(4-5 May)
H6KKB8LEG,Regular 2-Day Ticket(4-5 May)
B6TARRNN6,Regular 2-Day Ticket(4-5 May)
S5M3F9EJD,Regular 2-Day Ticket(4-5 May)
PNBN5JCR3,Regular 2-Day Ticket(4-5 May)
X4EWJYHBK,Regular 2-Day Ticket(4-5 May)
KU9KEGKPJ,Regular 2-Day Ticket(4-5 May)
T8FPW75BN,Regular 2-Day Ticket(4-5 May)
8RFKCFX48,Regular 2-Day Ticket(4-5 May)
S6BUPF3HE,Regular 2-Day Ticket(4-5 May)
PVKB868FU,Regular 2-Day Ticket(4-5 May)
2YGKCXKAW,Regular 2-Day Ticket(4-5 May)
PWYMZBDYV,Regular 2-Day Ticket(4-5 May)
7NG4FGW9S,Regular 2-Day Ticket(4-5 May)
D4Z85L8Y7,Regular 2-Day Ticket(4-5 May)
TXZTRFCUR,Regular 2-Day Ticket(4-5 May)
UABV8D5DJ,Regular 2-Day Ticket(4-5 May)
UM3UTEZ4H,Regular 2-Day Ticket(4-5 May)
T2ZKC8RXE,Regular 2-Day Ticket(4-5 May)
7VFZZMLYC,Regular 2-Day Ticket(4-5 May)
6HGJ2RKCE,Regular 2-Day Ticket(4-5 May)
ZKDG4GS48,Regular 2-Day Ticket(4-5 May)
S92P39RGF,Regular 2-Day Ticket(4-5 May)
AELKACHTW,Regular 2-Day Ticket(4-5 May)
95TDHM24R,Regular 2-Day Ticket(4-5 May)
GLRKRPF2S,Regular 2-Day Ticket(4-5 May)
R97GDVWJ7,Regular 2-Day Ticket(4-5 May)
7RGNAPVBX,Regular 2-Day Ticket(4-5 May)
AHKRWZENT,Regular 2-Day Ticket(4-5 May)
Z9VETYSL8,Regular 2-Day Ticket(4-5 May)
M9Z9AVGGC,Regular 2-Day Ticket(4-5 May)
22VK69EKP,Regular 2-Day Ticket(4-5 May)
SHTXPARDM,Regular 2-Day Ticket(4-5 May)
HBEXC8MYJ,Regular 2-Day Ticket(4-5 May)
NFZZVDCBN,Regular 2-Day Ticket(4-5 May)
8LAYLY4SX,Regular 2-Day Ticket(4-5 May)
9BKF9E968,Regular 2-Day Ticket(4-5 May)
9L9N9G48L,Regular 2-Day Ticket(4-5 May)
P3MKUMT82,Regular 2-Day Ticket(4-5 May)
BU8CMJTU3,Regular 2-Day Ticket(4-5 May)
J8F4HLVTZ,Regular 2-Day Ticket(4-5 May)
TW6FZNLK8,Regular 2-Day Ticket(4-5 May)
GM7U5SRRR,Regular 2-Day Ticket(4-5 May)
CGMNBXWSR,Regular 2-Day Ticket(4-5 May)
GT9L3VTBL,Regular 2-Day Ticket(4-5 May)
33YRGV6W8,Regular 2-Day Ticket(4-5 May)
6SKH87TG7,Regular 2-Day Ticket(4-5 May)
3JM6TXC23,Regular 2-Day Ticket(4-5 May)
DNCJEP5MD,Regular 2-Day Ticket(4-5 May)
PP5C9PXBH,Regular 2-Day Ticket(4-5 May)
CV82LZLT7,Regular 2-Day Ticket(4-5 May)
S74BEFTFX,Regular 2-Day Ticket(4-5 May)
2PGHWS665,Regular 2-Day Ticket(4-5 May)
FJHN5EX57,Regular 2-Day Ticket(4-5 May)
LKY4A9PK5,Regular 2-Day Ticket(4-5 May)
67UM6BZD9,Regular 2-Day Ticket(4-5 May)
7ULBYWBM5,Regular 2-Day Ticket(4-5 May)
HCLC3USGL,Regular 2-Day Ticket(4-5 May)
J9VS74LPK,Regular 2-Day Ticket(4-5 May)
VA2G27GSJ,Regular 2-Day Ticket(4-5 May)
C3LU7YDYD,Regular 2-Day Ticket(4-5 May)
YYLNKYEF7,Regular 2-Day Ticket(4-5 May)
8AAE932UP,Regular 2-Day Ticket(4-5 May)
P4SL9FHSL,Regular 2-Day Ticket(4-5 May)
V8S2W22KN,Regular 2-Day Ticket(4-5 May)
22KC9FR73,Regular 2-Day Ticket(4-5 May)
79638HCY3,Regular 2-Day Ticket(4-5 May)
ZX9DLZMPA,Regular 2-Day Ticket(4-5 May)
UFM5756G9,Regular 2-Day Ticket(4-5 May)
ULA95DSTD,Regular 2-Day Ticket(4-5 May)
BSHNMLLGY,Regular 2-Day Ticket(4-5 May)
H7DUP65FR,Regular 2-Day Ticket(4-5 May)
PNB387GDL,Regular 2-Day Ticket(4-5 May)
YNKNRJD95,Regular 2-Day Ticket(4-5 May)
6P36MX82N,Regular 2-Day Ticket(4-5 May)
KZBB47THP,Regular 2-Day Ticket(4-5 May)
E6ME7X2DU,Regular 2-Day Ticket(4-5 May)
438D7Y64W,Regular 2-Day Ticket(4-5 May)
TLMM4FPSK,Regular 2-Day Ticket(4-5 May)
WMDWBR7UD,Regular 2-Day Ticket(4-5 May)
L9F3PU5YJ,Regular 2-Day Ticket(4-5 May)
8AF4A3PGZ,Regular 2-Day Ticket(4-5 May)
LY7UDZHYM,Regular 2-Day Ticket(4-5 May)
B3MGLJAHZ,Regular 2-Day Ticket(4-5 May)
CRZB3G5PX,Regular 2-Day Ticket(4-5 May)
N3Z66MDHK,Regular 2-Day Ticket(4-5 May)
4LLHYYJFY,Regular 2-Day Ticket(4-5 May)
9TL42BUZC,Regular 2-Day Ticket(4-5 May)
HN2JUZWLM,Regular 2-Day Ticket(4-5 May)
UBRZ3KXN2,Regular 2-Day Ticket(4-5 May)
MKWXTXW9Y,Regular 2-Day Ticket(4-5 May)
KSF9SZFUE,Regular 2-Day Ticket(4-5 May)
CWGN325KH,Regular 2-Day Ticket(4-5 May)
THA45HRSY,Regular 2-Day Ticket(4-5 May)
TU9RJMYHX,Regular 2-Day Ticket(4-5 May)
WA5LBPADC,Regular 2-Day Ticket(4-5 May)
PLZ72LR8A,Regular 2-Day Ticket(4-5 May)
43YST2D3Z,Regular 2-Day Ticket(4-5 May)
8DR9BAUYX,Regular 2-Day Ticket(4-5 May)
PUPEAZWM5,Regular 2-Day Ticket(4-5 May)
J8B7CC6ZR,Regular 2-Day Ticket(4-5 May)
BKAHDB87D,Regular 2-Day Ticket(4-5 May)
JPNHYP5H6,Regular 2-Day Ticket(4-5 May)
F666PKLPS,Regular 2-Day Ticket(4-5 May)
6YXT45PG9,Regular 2-Day Ticket(4-5 May)
2K2VS5JHA,Regular 2-Day Ticket(4-5 May)
HUL58RMEK,Regular 2-Day Ticket(4-5 May)
E3G8VFGZS,Regular 2-Day Ticket(4-5 May)
VUGSD6UAW,Regular 2-Day Ticket(4-5 May)
DC9UENL8K,Regular 2-Day Ticket(4-5 May)
HCMZ2RLRH,Regular 2-Day Ticket(4-5 May)
YZZ22CG8F,Regular 2-Day Ticket(4-5 May)
H3GT55X88,Regular 2-Day Ticket(4-5 May)
8B58JU2SD,Regular 2-Day Ticket(4-5 May)
T5LKGD6JE,Regular 2-Day Ticket(4-5 May)
BZMR4J6WT,Regular 2-Day Ticket(4-5 May)
H2GJHEPP5,Regular 2-Day Ticket(4-5 May)
KU7NF8CSK,Regular 2-Day Ticket(4-5 May)
R6MU2YK3V,Regular 2-Day Ticket(4-5 May)
44YTHGKJH,Regular 2-Day Ticket(4-5 May)
NAY7TFUZ5,Regular 2-Day Ticket(4-5 May)
U2NUKTGR7,Regular 2-Day Ticket(4-5 May)
YG9DBG95M,Regular 2-Day Ticket(4-5 May)
YA3MS7CD7,Regular 2-Day Ticket(4-5 May)
PW8EFES6C,Regular 2-Day Ticket(4-5 May)
PT4LHRRBG,Regular 2-Day Ticket(4-5 May)
ESUE7RZXZ,Regular 2-Day Ticket(4-5 May)
7377Y6YRK,Regular 2-Day Ticket(4-5 May)
BAAU8DURA,Regular 2-Day Ticket(4-5 May)
3FLH6E8SR,Regular 2-Day Ticket(4-5 May)
TTDFCL3S7,Regular 2-Day Ticket(4-5 May)
XAAU3Z9MV,Regular 2-Day Ticket(4-5 May)
MGL8BUFLD,Regular 2-Day Ticket(4-5 May)
X5NCVBPLC,Regular 2-Day Ticket(4-5 May)
SKXDLEN4W,Regular 2-Day Ticket(4-5 May)
YZHJNCG4Y,Regular 2-Day Ticket(4-5 May)
H9G92AS5J,Regular 2-Day Ticket(4-5 May)
MN366LGWD,Regular 2-Day Ticket(4-5 May)
L93LLY332,Regular 2-Day Ticket(4-5 May)
XCS4UMDHT,Regular 2-Day Ticket(4-5 May)
AT2REASMD,Regular 2-Day Ticket(4-5 May)
XXCXU8ZTH,Regular 2-Day Ticket(4-5 May)
R73KE3A5V,Regular 2-Day Ticket(4-5 May)
GBFH5YYEJ,Regular 2-Day Ticket(4-5 May)
XGHHYVNZD,Regular 2-Day Ticket(4-5 May)
FHJH4Y722,Regular 2-Day Ticket(4-5 May)
8BKDHDY99,Regular 2-Day Ticket(4-5 May)
PHE8FAJD9,Regular 2-Day Ticket(4-5 May)
55KMAJRA3,Regular 2-Day Ticket(4-5 May)
UGTGETWAY,Regular 2-Day Ticket(4-5 May)
M37CLAR9R,Regular 2-Day Ticket(4-5 May)
VSWFDMJ3E,Regular 2-Day Ticket(4-5 May)
GRGSF8LHE,Regular 2-Day Ticket(4-5 May)
F6L6R2VDC,Regular 2-Day Ticket(4-5 May)
CDEE5PA4R,Regular 2-Day Ticket(4-5 May)
KKX2W8DP2,Regular 2-Day Ticket(4-5 May)
3AEFAMYBC,Regular 2-Day Ticket(4-5 May)
GSMHYL4P2,Regular 2-Day Ticket(4-5 May)
KEC6469NA,Regular 2-Day Ticket(4-5 May)
3KSP9C9CV,Regular 2-Day Ticket(4-5 May)
PPWSJLT6F,Regular 2-Day Ticket(4-5 May)
WJSCZLP7M,Regular 2-Day Ticket(4-5 May)
HTNZFZJVT,Regular 2-Day Ticket(4-5 May)
ULJ6LC2LK,Regular 2-Day Ticket(4-5 May)
CZNYZ5FTK,Regular 2-Day Ticket(4-5 May)
3DGLC3CH4,Regular 2-Day Ticket(4-5 May)
HUAL238T7,Regular 2-Day Ticket(4-5 May)
26NPZJHD6,Regular 2-Day Ticket(4-5 May)
FCNUV4U2S,Regular 2-Day Ticket(4-5 May)
N6Y5DB99M,Regular 2-Day Ticket(4-5 May)
KWC8W5LXE,Regular 2-Day Ticket(4-5 May)
447KBH4U7,Regular 2-Day Ticket(4-5 May)
987ZYKD3R,Regular 2-Day Ticket(4-5 May)
WVELHGFMP,Regular 2-Day Ticket(4-5 May)
RFPKMTF2T,Regular 2-Day Ticket(4-5 May)
ZDZCYD67U,Regular 2-Day Ticket(4-5 May)
LPYG4XDBL,Regular 2-Day Ticket(4-5 May)
ERHNCV98R,Regular 2-Day Ticket(4-5 May)
H7GAJASSR,Regular 2-Day Ticket(4-5 May)
45ECJZFU5,Regular 2-Day Ticket(4-5 May)
5C5D7WD87,Regular 2-Day Ticket(4-5 May)
K78CUFM5B,Regular 2-Day Ticket(4-5 May)
8ZMU7G6NL,Regular 2-Day Ticket(4-5 May)
VFNDDEVFS,Regular 2-Day Ticket(4-5 May)
HAZ3JZ62W,Regular 2-Day Ticket(4-5 May)
YH385BCRL,Regular 2-Day Ticket(4-5 May)
LSP4GMZLZ,Regular 2-Day Ticket(4-5 May)
23Y8E9HBK,Regular 2-Day Ticket(4-5 May)
EZWYKFSX5,Regular 2-Day Ticket(4-5 May)
3KCC5PVF2,Regular 2-Day Ticket(4-5 May)
UF56SY2YN,Regular 2-Day Ticket(4-5 May)
HSVR3YHKL,Regular 2-Day Ticket(4-5 May)
2ALEX9B9A,Regular 2-Day Ticket(4-5 May)
5MGCZFNMM,Regular 2-Day Ticket(4-5 May)
ZAR88F5EL,Regular 2-Day Ticket(4-5 May)
3BPE34VSR,Regular 2-Day Ticket(4-5 May)
7UPF2WN3C,Regular 2-Day Ticket(4-5 May)
F9A689AAP,Regular 2-Day Ticket(4-5 May)
WSYHHW9K8,Regular 2-Day Ticket(4-5 May)
D3ME6DZG8,Regular 2-Day Ticket(4-5 May)
E5UHV6HM7,Regular 2-Day Ticket(4-5 May)
V9DHY9FM3,Regular 2-Day Ticket(4-5 May)
V2DBA7LNF,Regular 2-Day Ticket(4-5 May)
XUYSV3J49,Regular 2-Day Ticket(4-5 May)
ZYCAY8WZG,Regular 2-Day Ticket(4-5 May)
FRUB55LD4,Regular 2-Day Ticket(4-5 May)
HR5YDKZSA,Regular 2-Day Ticket(4-5 May)
FP55245BE,Regular 2-Day Ticket(4-5 May)
KGWX63CYA,Regular 2-Day Ticket(4-5 May)
CKSCX9M7V,Regular 2-Day Ticket(4-5 May)
H5R4MUFC5,Regular 2-Day Ticket(4-5 May)
2JZFJ77K6,Regular 2-Day Ticket(4-5 May)
WPR9XJMND,Regular 2-Day Ticket(4-5 May)
VFVKCPM27,Regular 2-Day Ticket(4-5 May)
CUVXJPZUR,Regular 2-Day Ticket(4-5 May)
FTNTF8LW3,Regular 2-Day Ticket(4-5 May)
HMZT3PAF7,Regular 2-Day Ticket(4-5 May)
E4BK9EH2F,Regular 2-Day Ticket(4-5 May)
SADLCH9D3,Regular 2-Day Ticket(4-5 May)
V8CRJJEMW,Regular 2-Day Ticket(4-5 May)
8LK9567CS,Regular 2-Day Ticket(4-5 May)
G8ZETEUR6,Regular 2-Day Ticket(4-5 May)
WPGAETXY5,Regular 2-Day Ticket(4-5 May)
CCA9MXWPF,Regular 2-Day Ticket(4-5 May)
HJVH4U4P5,Regular 2-Day Ticket(4-5 May)
RG6CNU8EU,Regular 2-Day Ticket(4-5 May)
HUPZDXMWM,Regular 2-Day Ticket(4-5 May)
CB4THP9CZ,Regular 2-Day Ticket(4-5 May)
WYUKCSZMY,Regular 2-Day Ticket(4-5 May)
UFZEWTL64,Regular 2-Day Ticket(4-5 May)
6YJL29ZUY,Regular 2-Day Ticket(4-5 May)
LDYR6UF6M,Regular 2-Day Ticket(4-5 May)
9B5CVX9MW,Regular 2-Day Ticket(4-5 May)
3B629EGNF,Regular 2-Day Ticket(4-5 May)
B825MMSCB,Regular 2-Day Ticket(4-5 May)
MBF2JJND3,Regular 2-Day Ticket(4-5 May)
UCMGCAT48,Regular 2-Day Ticket(4-5 May)
UDREPKLB5,Regular 2-Day Ticket(4-5 May)
YVBBDZUHX,Regular 2-Day Ticket(4-5 May)
FUEBRYBH9,Regular 2-Day Ticket(4-5 May)
GNUUXM3NZ,Regular 2-Day Ticket(4-5 May)
E3R6WMG4C,Regular 2-Day Ticket(4-5 May)
DYYU9USEN,Regular 2-Day Ticket(4-5 May)
ANLW9FL8C,Regular 2-Day Ticket(4-5 May)
BTWZGCDUZ,Regular 2-Day Ticket(4-5 May)
VT825CCSS,Regular 2-Day Ticket(4-5 May)
R7SS4HEL7,Regular 2-Day Ticket(4-5 May)
ATRBA26CE,Regular 2-Day Ticket(4-5 May)
FDMPAN2UM,Regular 2-Day Ticket(4-5 May)
CHN7AV2PZ,Regular 2-Day Ticket(4-5 May)
BKZNAK6CA,Regular 2-Day Ticket(4-5 May)
W6D47EU6M,Regular 2-Day Ticket(4-5 May)
JFX8F7M8E,Regular 2-Day Ticket(4-5 May)
V9SSPEP7Z,Regular 2-Day Ticket(4-5 May)
NTC5HSG2M,Regular 2-Day Ticket(4-5 May)
X8K7BUBXL,Regular 2-Day Ticket(4-5 May)
4MUGE9TMJ,Regular 2-Day Ticket(4-5 May)
V78EDKAP6,Regular 2-Day Ticket(4-5 May)
S2LAX2B3M,Regular 2-Day Ticket(4-5 May)
LLSBCGNJ7,Regular 2-Day Ticket(4-5 May)
Z732V7RNN,Regular 2-Day Ticket(4-5 May)
ZC5HUDCU2,Regular 2-Day Ticket(4-5 May)
PE7AW2CFC,Regular 2-Day Ticket(4-5 May)
ZHMZE9G9V,Regular 2-Day Ticket(4-5 May)
Z6WX6SEGE,Regular 2-Day Ticket(4-5 May)
3HXSXPZGV,Regular 2-Day Ticket(4-5 May)
54ADYKNEN,Regular 2-Day Ticket(4-5 May)
LR96ZCUB6,Regular 2-Day Ticket(4-5 May)
T9CZVTCRF,Regular 2-Day Ticket(4-5 May)
DVHV7CNU3,Regular 2-Day Ticket(4-5 May)
5F677FD4Z,Regular 2-Day Ticket(4-5 May)
B2PCGNTTB,Regular 2-Day Ticket(4-5 May)
37VDA7ERN,Regular 2-Day Ticket(4-5 May)
3D66GUA2T,Regular 2-Day Ticket(4-5 May)
TUPW55G6H,Regular 2-Day Ticket(4-5 May)
4DTSJYME5,Regular 2-Day Ticket(4-5 May)
UD3WY6YT5,Regular 2-Day Ticket(4-5 May)
T3289DVN9,Regular 2-Day Ticket(4-5 May)
T9259DU26,Regular 2-Day Ticket(4-5 May)
Z7FLTFDMC,Regular 2-Day Ticket(4-5 May)
RMEJJ2KH6,Regular 2-Day Ticket(4-5 May)
PJCEH5MEG,Regular 2-Day Ticket(4-5 May)
V8E4U6NFU,Regular 2-Day Ticket(4-5 May)
83V9BLW2V,Regular 2-Day Ticket(4-5 May)
MKHN64555,Regular 2-Day Ticket(4-5 May)
28MG5GXZK,Regular 2-Day Ticket(4-5 May)
CKNRJBUKG,Regular 2-Day Ticket(4-5 May)
3Z9EZNW27,Regular 2-Day Ticket(4-5 May)
Z5UB867BL,Regular 2-Day Ticket(4-5 May)
SW489AGPD,Regular 2-Day Ticket(4-5 May)
M3FE2AWF5,Regular 2-Day Ticket(4-5 May)
PR4RLJA5J,Regular 2-Day Ticket(4-5 May)
3MMZT65WT,Regular 2-Day Ticket(4-5 May)
RM3PM2N8U,Regular 2-Day Ticket(4-5 May)
RRP283EWZ,Regular 2-Day Ticket(4-5 May)
LRRX9Z33X,Regular 2-Day Ticket(4-5 May)
NVM9A6LJX,Regular 2-Day Ticket(4-5 May)
23SUJF3ZL,Regular 2-Day Ticket(4-5 May)
ZWW5UPTGJ,Regular 2-Day Ticket(4-5 May)
UWLYXP84V,Regular 2-Day Ticket(4-5 May)
NYAMH746V,Regular 2-Day Ticket(4-5 May)
CU36KJJ65,Regular 2-Day Ticket(4-5 May)
WD59VPFZ8,Regular 2-Day Ticket(4-5 May)
69PR5YZ3U,Regular 2-Day Ticket(4-5 May)
6M78HAVWE,Regular 2-Day Ticket(4-5 May)
XX2JY6CSB,Regular 2-Day Ticket(4-5 May)
V9WVCW5E2,Regular 2-Day Ticket(4-5 May)
PBESTJMW8,Regular 2-Day Ticket(4-5 May)
DVF24BVVN,Regular 2-Day Ticket(4-5 May)
P88RS4HG9,Regular 2-Day Ticket(4-5 May)
VCSKFGH9N,Regular 2-Day Ticket(4-5 May)
NADNG2VGY,Regular 2-Day Ticket(4-5 May)
LTKCT89FD,Regular 2-Day Ticket(4-5 May)
HLREVS5AE,Regular 2-Day Ticket(4-5 May)
SSGNGH453,Regular 2-Day Ticket(4-5 May)
HNP8C9KAE,Regular 2-Day Ticket(4-5 May)
P2TPHWLUZ,Regular 2-Day Ticket(4-5 May)
3WJB7BY6H,Regular 2-Day Ticket(4-5 May)
DNHYTNN2C,Regular 2-Day Ticket(4-5 May)
ND64Z3EAT,Regular 2-Day Ticket(4-5 May)
ZBDH7L9A6,Regular 2-Day Ticket(4-5 May)
9S9H4PBMK,Regular 2-Day Ticket(4-5 May)
CXA2KXLXF,Regular 2-Day Ticket(4-5 May)
F382MJ4EN,Regular 2-Day Ticket(4-5 May)
BJJUKUSFF,Regular 2-Day Ticket(4-5 May)
YKTKAF75U,Regular 2-Day Ticket(4-5 May)
G234B48AE,Regular 2-Day Ticket(4-5 May)
5WPZSCKMT,Regular 2-Day Ticket(4-5 May)
5E86JTDP3,Regular 2-Day Ticket(4-5 May)
EVZ9DUBXG,Regular 2-Day Ticket(4-5 May)
C5YR5Y3XC,Regular 2-Day Ticket(4-5 May)
JKWXPFXML,Regular 2-Day Ticket(4-5 May)
S384EULXR,Regular 2-Day Ticket(4-5 May)
LNHLSN4CV,Regular 2-Day Ticket(4-5 May)
YECR3943U,Regular 2-Day Ticket(4-5 May)
2HL3SSY3C,Regular 2-Day Ticket(4-5 May)
F3NJY4NHF,Regular 2-Day Ticket(4-5 May)
GUC4CFRZ9,Regular 2-Day Ticket(4-5 May)
7JBVFSZ5B,Regular 2-Day Ticket(4-5 May)
KLBX38FHT,Regular 2-Day Ticket(4-5 May)
2JAUU8R6U,Regular 2-Day Ticket(4-5 May)
MRYCKAT2B,Regular 2-Day Ticket(4-5 May)
Y87W85M4F,Regular 2-Day Ticket(4-5 May)
UZ6XDA92X,Regular 2-Day Ticket(4-5 May)
344JEYZRN,Regular 2-Day Ticket(4-5 May)
FWB83E3MY,Regular 2-Day Ticket(4-5 May)
E6ZR6LVBY,Regular 2-Day Ticket(4-5 May)
GS55BZGYG,Regular 2-Day Ticket(4-5 May)
PYUCEE2WV,Regular 2-Day Ticket(4-5 May)
AU7X4CAZG,Regular 2-Day Ticket(4-5 May)
BF8DVPYX6,Regular 2-Day Ticket(4-5 May)
D954GZSZK,Regular 2-Day Ticket(4-5 May)
KUDADU84C,Regular 2-Day Ticket(4-5 May)
UAHVXV6A4,Regular 2-Day Ticket(4-5 May)
FT9K5T24T,Regular 2-Day Ticket(4-5 May)
WA8FK4XM9,Regular 2-Day Ticket(4-5 May)
6VB83BS3F,Regular 2-Day Ticket(4-5 May)
JTTRXX5T6,Regular 2-Day Ticket(4-5 May)
SXBWVGJBS,Regular 2-Day Ticket(4-5 May)
8EWN7PBDF,Regular 2-Day Ticket(4-5 May)
SP6CADU3N,Regular 2-Day Ticket(4-5 May)
Z5NZECR4B,Regular 2-Day Ticket(4-5 May)
9ZGUSXAB5,Regular 2-Day Ticket(4-5 May)
N4ZAPMLVG,Regular 2-Day Ticket(4-5 May)
EZ8VG2EYE,Regular 2-Day Ticket(4-5 May)
729GA5GZU,Regular 2-Day Ticket(4-5 May)
AZSP5G3H9,Regular 2-Day Ticket(4-5 May)
SKNPCYTSU,Regular 2-Day Ticket(4-5 May)
79KJW5EKV,Regular 2-Day Ticket(4-5 May)
3GYG6TVC6,Regular 2-Day Ticket(4-5 May)
4J7DSJXXE,Regular 2-Day Ticket(4-5 May)
RY2K85594,Regular 2-Day Ticket(4-5 May)
C94X34MVM,Regular 2-Day Ticket(4-5 May)
CP7SS8ER6,Regular 2-Day Ticket(4-5 May)
MK2B4PXM8,Regular 2-Day Ticket(4-5 May)
6JTB9L57Z,Regular 2-Day Ticket(4-5 May)
EVNTDATRD,Regular 2-Day Ticket(4-5 May)
6XAC6LVJA,Regular 2-Day Ticket(4-5 May)
DPSCLNHBT,Regular 2-Day Ticket(4-5 May)
R4ZHNV4KJ,Regular 2-Day Ticket(4-5 May)
KBRKDMAEZ,Regular 2-Day Ticket(4-5 May)
CGVARFXA9,Regular 2-Day Ticket(4-5 May)
3W2HMUCTA,Regular 2-Day Ticket(4-5 May)
8PYME74NV,Regular 2-Day Ticket(4-5 May)
D8EJN2P7B,Regular 2-Day Ticket(4-5 May)
N7CDV77KK,Regular 2-Day Ticket(4-5 May)
4PUFSSTU6,Regular 2-Day Ticket(4-5 May)
8X62VLEK9,Regular 2-Day Ticket(4-5 May)
DKWZER5WN,Regular 2-Day Ticket(4-5 May)
6BRF84GPJ,Regular 2-Day Ticket(4-5 May)
86ZAAYAA2,Regular 2-Day Ticket(4-5 May)
D6LPENTJR,Regular 2-Day Ticket(4-5 May)
NZE86YBEB,Regular 2-Day Ticket(4-5 May)
H2W8NL69P,Regular 2-Day Ticket(4-5 May)
5SW5VA4LY,Regular 2-Day Ticket(4-5 May)
AUEZ7RSX4,Regular 2-Day Ticket(4-5 May)
8RR9AZDZ3,Regular 2-Day Ticket(4-5 May)
XWKPZ5L9V,Regular 2-Day Ticket(4-5 May)
FTATTNV6P,Regular 2-Day Ticket(4-5 May)
GTSFFKNYF,Regular 2-Day Ticket(4-5 May)
3KBJANTBK,Regular 2-Day Ticket(4-5 May)
K8U93M9SG,Regular 2-Day Ticket(4-5 May)
C29WF9XRL,Regular 2-Day Ticket(4-5 May)
XE89YMET4,Regular 2-Day Ticket(4-5 May)
FB6UP4HS2,Regular 2-Day Ticket(4-5 May)
V8T2HZEUY,Regular 2-Day Ticket(4-5 May)
R5288XZ2C,Regular 2-Day Ticket(4-5 May)
NP2X732DY,Regular 2-Day Ticket(4-5 May)
84RZPWU4R,Regular 2-Day Ticket(4-5 May)
GRT5337MU,Regular 2-Day Ticket(4-5 May)
X9W6754WK,Regular 2-Day Ticket(4-5 May)
ZY2PTS7FK,Regular 2-Day Ticket(4-5 May)
9WK2RMSBT,Regular 2-Day Ticket(4-5 May)
BEHJNE4ZF,Regular 2-Day Ticket(4-5 May)
8MWXXY87T,Regular 2-Day Ticket(4-5 May)
77EC428DW,Regular 2-Day Ticket(4-5 May)
738H4BJCC,Regular 2-Day Ticket(4-5 May)
BECHXXTLE,Regular 2-Day Ticket(4-5 May)
LEWH2UYKU,Regular 2-Day Ticket(4-5 May)
77UM3GJDR,Regular 2-Day Ticket(4-5 May)
7ERUMD955,Regular 2-Day Ticket(4-5 May)
M9L8PEYVN,Regular 2-Day Ticket(4-5 May)
TC9HBKVAC,Regular 2-Day Ticket(4-5 May)
UVAXVTMDH,Regular 2-Day Ticket(4-5 May)
AR3MV88SA,Regular 2-Day Ticket(4-5 May)
PBDCPB5XG,Regular 2-Day Ticket(4-5 May)
87S37FASE,Regular 2-Day Ticket(4-5 May)
SL5NN46VJ,Regular 2-Day Ticket(4-5 May)
VLRW2GM9L,Regular 2-Day Ticket(4-5 May)
GG8RPBDDK,Regular 2-Day Ticket(4-5 May)
WPRPV8ZT4,Regular 2-Day Ticket(4-5 May)
ZUD46W96H,Regular 2-Day Ticket(4-5 May)
3MU4GR2HN,Regular 2-Day Ticket(4-5 May)
36C87YCK5,Regular 2-Day Ticket(4-5 May)
LM75YW8JK,Regular 2-Day Ticket(4-5 May)
MCB9JSSJK,Regular 2-Day Ticket(4-5 May)
YA8WBZHYB,Regular 2-Day Ticket(4-5 May)
BSWWB2FP6,Regular 2-Day Ticket(4-5 May)
P8LTLK34W,Regular 2-Day Ticket(4-5 May)
8F8GX6LSX,Regular 2-Day Ticket(4-5 May)
WC9TTULD8,Regular 2-Day Ticket(4-5 May)
M2UTEGTZ2,Regular 2-Day Ticket(4-5 May)
GF4T7C74K,Regular 2-Day Ticket(4-5 May)
73YDSZH46,Regular 2-Day Ticket(4-5 May)
WB7LZGFAD,Regular 2-Day Ticket(4-5 May)
ZKKDUU7JR,Regular 2-Day Ticket(4-5 May)
KHL29WW92,Regular 2-Day Ticket(4-5 May)
5874LAA78,Regular 2-Day Ticket(4-5 May)
RX2FNKFLD,Regular 2-Day Ticket(4-5 May)
FU3MAXRN4,Regular 2-Day Ticket(4-5 May)
7KEXS29PS,Regular 2-Day Ticket(4-5 May)
6S88CKJ7E,Regular 2-Day Ticket(4-5 May)
MY4NC8AX7,Regular 2-Day Ticket(4-5 May)
B39LX7378,Regular 2-Day Ticket(4-5 May)
XUC6K8X29,Regular 2-Day Ticket(4-5 May)
JB5AR66K7,Regular 2-Day Ticket(4-5 May)
9MGGD8PKM,Regular 2-Day Ticket(4-5 May)
FZHMW22RB,Regular 2-Day Ticket(4-5 May)
8HLEY6CG9,Regular 2-Day Ticket(4-5 May)
KJKBLUETH,Regular 2-Day Ticket(4-5 May)
EG97Y64KD,Regular 2-Day Ticket(4-5 May)
H9P9TECBK,Regular 2-Day Ticket(4-5 May)
G4Z4HTG5F,Regular 2-Day Ticket(4-5 May)
BLWYSSGPE,Regular 2-Day Ticket(4-5 May)
4EHSWJKNB,Regular 2-Day Ticket(4-5 May)
8S6M6MV4L,Regular 2-Day Ticket(4-5 May)
7TMNVK5TY,Regular 2-Day Ticket(4-5 May)
JLNU95GAZ,Regular 2-Day Ticket(4-5 May)
DKEKL4DA5,Regular 2-Day Ticket(4-5 May)
ZMSE8LKRB,Regular 2-Day Ticket(4-5 May)
5XCKZPXPH,Regular 2-Day Ticket(4-5 May)
TA3Z7C8N6,Regular 2-Day Ticket(4-5 May)
EPYEVLYD7,Regular 2-Day Ticket(4-5 May)
L32MJX5WF,Regular 2-Day Ticket(4-5 May)
X7L97MPEW,Regular 2-Day Ticket(4-5 May)
DK2AXR5JP,Regular 2-Day Ticket(4-5 May)
YUDBTEA7G,Regular 2-Day Ticket(4-5 May)
THAL783L2,Regular 2-Day Ticket(4-5 May)
W2CJ46AGZ,Regular 2-Day Ticket(4-5 May)
BNX4WLT2D,Regular 2-Day Ticket(4-5 May)
T3YRN53HG,Regular 2-Day Ticket(4-5 May)
HZWWUB4DS,Regular 2-Day Ticket(4-5 May)
NL949DR7P,Regular 2-Day Ticket(4-5 May)
DYS6SLKGS,Regular 2-Day Ticket(4-5 May)
FPK9HFRVJ,Regular 2-Day Ticket(4-5 May)
DRNNUFC9Z,Regular 2-Day Ticket(4-5 May)
MM7WC3LU4,Regular 2-Day Ticket(4-5 May)
FMBK85VJH,Regular 2-Day Ticket(4-5 May)
MDJN9PKTJ,Regular 2-Day Ticket(4-5 May)
SMKJZ5LBD,Regular 2-Day Ticket(4-5 May)
7SFBBGSP2,Regular 2-Day Ticket(4-5 May)
82N28YXKZ,Regular 2-Day Ticket(4-5 May)
N8LF4NXTE,Regular 2-Day Ticket(4-5 May)
GDXGB97MX,Regular 2-Day Ticket(4-5 May)
G8YB9HKKW,Regular 2-Day Ticket(4-5 May)
VNAV4KKFX,Regular 2-Day Ticket(4-5 May)
ZD4AKHHTB,Regular 2-Day Ticket(4-5 May)
AL8RPZZ4R,Regular 2-Day Ticket(4-5 May)
P4PJUS4HX,Regular 2-Day Ticket(4-5 May)
ZZ89TSMZ7,Regular 2-Day Ticket(4-5 May)
S2UB676UD,Regular 2-Day Ticket(4-5 May)
AGK2D9XGM,Regular 2-Day Ticket(4-5 May)
FBL6CPJ7E,Regular 2-Day Ticket(4-5 May)
FHBUECN45,Regular 2-Day Ticket(4-5 May)
TVCFDH9PK,Regular 2-Day Ticket(4-5 May)
VMEY7YL2S,Regular 2-Day Ticket(4-5 May)
ZE3ZHH8CM,Regular 2-Day Ticket(4-5 May)
4CJC2635K,Regular 2-Day Ticket(4-5 May)
CDCF9PXN7,Regular 2-Day Ticket(4-5 May)
JT3WDAPML,Regular 2-Day Ticket(4-5 May)
GHPVVJSHL,Regular 2-Day Ticket(4-5 May)
JVBCY7D62,Regular 2-Day Ticket(4-5 May)
5CPR3W8SA,Regular 2-Day Ticket(4-5 May)
FMLTAMMUZ,Regular 2-Day Ticket(4-5 May)
DLCSKS96H,Regular 2-Day Ticket(4-5 May)
33EJAFYX2,Regular 2-Day Ticket(4-5 May)
FWSBDY43W,Regular 2-Day Ticket(4-5 May)
9R27D968A,Regular 2-Day Ticket(4-5 May)
JHB7EK52B,Regular 2-Day Ticket(4-5 May)
WCR84UB38,Regular 2-Day Ticket(4-5 May)
F8MTJJ6VY,Regular 2-Day Ticket(4-5 May)
8F5ANTFUK,Regular 2-Day Ticket(4-5 May)
UY6K6PXX2,Regular 2-Day Ticket(4-5 May)
LBU3ZMBFA,Regular 2-Day Ticket(4-5 May)
N8X3N8974,Regular 2-Day Ticket(4-5 May)
E9CVFU45Y,Regular 2-Day Ticket(4-5 May)
W52W8Z9UF,Regular 2-Day Ticket(4-5 May)
R7ZR2YGZ5,Regular 2-Day Ticket(4-5 May)
T4P2D27GE,Regular 2-Day Ticket(4-5 May)
7P5UP4HAT,Regular 2-Day Ticket(4-5 May)
8CH5Z8Z9H,Regular 2-Day Ticket(4-5 May)
AKRGLAA34,Regular 2-Day Ticket(4-5 May)
BENVHJ39Y,Regular 2-Day Ticket(4-5 May)
DL2GTW9ZV,Regular 2-Day Ticket(4-5 May)
5U725HBYK,Regular 2-Day Ticket(4-5 May)
KHGRXUFTW,Regular 2-Day Ticket(4-5 May)
B2GNJEUF7,Regular 2-Day Ticket(4-5 May)
MF27KZUDC,Regular 2-Day Ticket(4-5 May)
CUA8GTHNG,Regular 2-Day Ticket(4-5 May)
92W3E45HH,Regular 2-Day Ticket(4-5 May)
DKJ5RZSK3,Regular 2-Day Ticket(4-5 May)
5SN92MW8Y,Regular 2-Day Ticket(4-5 May)
4KBRRNPW4,Regular 2-Day Ticket(4-5 May)
DV7LR47H6,Regular 2-Day Ticket(4-5 May)
2CJ4382C2,Regular 2-Day Ticket(4-5 May)
LWVZZ78ZP,Regular 2-Day Ticket(4-5 May)
FRS9HEKNT,Regular 2-Day Ticket(4-5 May)
VLUW7HPZL,Regular 2-Day Ticket(4-5 May)
CLZ59AG8P,Regular 2-Day Ticket(4-5 May)
CNJJB7X5V,Regular 2-Day Ticket(4-5 May)
P7KZ33HNJ,Regular 2-Day Ticket(4-5 May)
EYZ5N4ERT,Regular 2-Day Ticket(4-5 May)
YVK25W655,Regular 2-Day Ticket(4-5 May)
XZMPK32JP,Regular 2-Day Ticket(4-5 May)
7C7SNYHSZ,Regular 2-Day Ticket(4-5 May)
P8Y2YVDJ2,Regular 2-Day Ticket(4-5 May)
69HTT8R9E,Regular 2-Day Ticket(4-5 May)
9RLERH9A9,Regular 2-Day Ticket(4-5 May)
S7NZ7SZZF,Regular 2-Day Ticket(4-5 May)
ZGS5JZDWA,Regular 2-Day Ticket(4-5 May)
MKA6AUJZM,Regular 2-Day Ticket(4-5 May)
2JL5MHGL2,Regular 2-Day Ticket(4-5 May)
XJE58B9MA,Regular 2-Day Ticket(4-5 May)
F329WM4D8,Regular 2-Day Ticket(4-5 May)
BTFWREHEA,Regular 2-Day Ticket(4-5 May)
58742JXAN,Regular 2-Day Ticket(4-5 May)
3V8F25DJX,Regular 2-Day Ticket(4-5 May)
8PJ2S2FN7,Regular 2-Day Ticket(4-5 May)
KKJR9UWJX,Regular 2-Day Ticket(4-5 May)
W2YNRURVF,Regular 2-Day Ticket(4-5 May)
4A27XP2S2,Regular 2-Day Ticket(4-5 May)
4ZBTLYC47,Regular 2-Day Ticket(4-5 May)
FU8XZTECU,Regular 2-Day Ticket(4-5 May)
ATEHVHAZM,Regular 2-Day Ticket(4-5 May)
LD47LWW4L,Regular 2-Day Ticket(4-5 May)
ARBZDAAVY,Regular 2-Day Ticket(4-5 May)
DUYNKLG55,Regular 2-Day Ticket(4-5 May)
W9ZKTWGNU,Regular 2-Day Ticket(4-5 May)
HKY83MRZV,Regular 2-Day Ticket(4-5 May)
KJRUH69RX,Regular 2-Day Ticket(4-5 May)
M9WY9PM85,Regular 2-Day Ticket(4-5 May)
D7SH39SKF,Regular 2-Day Ticket(4-5 May)
YUUNYKN45,Regular 2-Day Ticket(4-5 May)
TTB4D2PFN,Regular 2-Day Ticket(4-5 May)
YVCT2EXWZ,Regular 2-Day Ticket(4-5 May)
VA8XXPBKL,Regular 2-Day Ticket(4-5 May)
359Z4VYZU,Regular 2-Day Ticket(4-5 May)
8EA43XMAC,Regular 2-Day Ticket(4-5 May)
HSDDXY3YJ,Regular 2-Day Ticket(4-5 May)
DY9SYR33V,Regular 2-Day Ticket(4-5 May)
NA42MBJVT,Regular 2-Day Ticket(4-5 May)
KTVFUJRS4,Regular 2-Day Ticket(4-5 May)
69B3UC3EW,Regular 2-Day Ticket(4-5 May)
3UN64YRRB,Regular 2-Day Ticket(4-5 May)
PRVKUC2BN,Regular 2-Day Ticket(4-5 May)
DL4XA2VFA,Regular 2-Day Ticket(4-5 May)
PGDS8EWM2,Regular 2-Day Ticket(4-5 May)
R964GZ5CG,Regular 2-Day Ticket(4-5 May)
2HPZNSBZD,Regular 2-Day Ticket(4-5 May)
Z7GD6EEVA,Regular 2-Day Ticket(4-5 May)
VKZEETLEP,Regular 2-Day Ticket(4-5 May)
VG2VP2WBT,Regular 2-Day Ticket(4-5 May)
7GKNUFPC5,Regular 2-Day Ticket(4-5 May)
VFR4NCZXX,Regular 2-Day Ticket(4-5 May)
TVKNFZAYL,Regular 2-Day Ticket(4-5 May)
L3XJ8R3JP,Regular 2-Day Ticket(4-5 May)
BGSPP57S9,Regular 2-Day Ticket(4-5 May)
SMMSG8LLA,Regular 2-Day Ticket(4-5 May)
BAJES8MPN,Regular 2-Day Ticket(4-5 May)
L3WRVF4JT,Regular 2-Day Ticket(4-5 May)
WSJT9YSUH,Regular 2-Day Ticket(4-5 May)
34GWP5HE2,Regular 2-Day Ticket(4-5 May)
UT93ZXLM9,Regular 2-Day Ticket(4-5 May)
E3XV2J77F,Regular 2-Day Ticket(4-5 May)
ZRBH9B98B,Regular 2-Day Ticket(4-5 May)
32TV64HUR,Regular 2-Day Ticket(4-5 May)
ZLUNHXXNU,Regular 2-Day Ticket(4-5 May)
GB4NEAPMU,Regular 2-Day Ticket(4-5 May)
9FBHUYS5N,Regular 2-Day Ticket(4-5 May)
66LN5B5BJ,Regular 2-Day Ticket(4-5 May)
C4ULKE8AV,Regular 2-Day Ticket(4-5 May)
HRGHN3WLM,Regular 2-Day Ticket(4-5 May)
4RALRHUYN,Regular 2-Day Ticket(4-5 May)
XDHCLWZ9W,Regular 2-Day Ticket(4-5 May)
M6XMLGGVM,Regular 2-Day Ticket(4-5 May)
KLV2XHJVE,Regular 2-Day Ticket(4-5 May)
Z3GNEG3GJ,Regular 2-Day Ticket(4-5 May)
L9GKC8G2K,Regular 2-Day Ticket(4-5 May)
6VYYEAREX,Regular 2-Day Ticket(4-5 May)
38VAH22GY,Regular 2-Day Ticket(4-5 May)
B4RBPU6UW,Regular 2-Day Ticket(4-5 May)
8V2CDN7X4,Regular 2-Day Ticket(4-5 May)
NWPYTBK5B,Regular 2-Day Ticket(4-5 May)
TY37BHEAH,Regular 2-Day Ticket(4-5 May)
P7DT3XYWT,Regular 2-Day Ticket(4-5 May)
JDRWGB64H,Regular 2-Day Ticket(4-5 May)
7S8NZTUGM,Regular 2-Day Ticket(4-5 May)
32ATS8L6U,Regular 2-Day Ticket(4-5 May)
GL5CAUKMC,Regular 2-Day Ticket(4-5 May)
VELW846R9,Regular 2-Day Ticket(4-5 May)
KSFDBT3YP,Regular 2-Day Ticket(4-5 May)
KF772DS76,Regular 2-Day Ticket(4-5 May)
JAGJL4G56,Regular 2-Day Ticket(4-5 May)
6WKHBK9RU,Regular 2-Day Ticket(4-5 May)
XLLADCL9L,Regular 2-Day Ticket(4-5 May)
WPW4AL9CX,Regular 2-Day Ticket(4-5 May)
R8PZJLLKP,Regular 2-Day Ticket(4-5 May)
5PUM6252N,Regular 2-Day Ticket(4-5 May)
BERTBYDLV,Regular 2-Day Ticket(4-5 May)
PXJ7FT7Z7,Regular 2-Day Ticket(4-5 May)
U48K97RG9,Regular 2-Day Ticket(4-5 May)
GLYK4SAP3,Regular 2-Day Ticket(4-5 May)
STK4EHZPF,Regular 2-Day Ticket(4-5 May)
B3BYJJ4DJ,Regular 2-Day Ticket(4-5 May)
9KJGRZBCP,Regular 2-Day Ticket(4-5 May)
STJS6PYRX,Regular 2-Day Ticket(4-5 May)
NCXBLZJDB,Regular 2-Day Ticket(4-5 May)
VLJLZCMFG,Regular 2-Day Ticket(4-5 May)
UNFC74FW5,Regular 2-Day Ticket(4-5 May)
HHB4KCUXG,Regular 2-Day Ticket(4-5 May)
6VGKZ9TT9,Regular 2-Day Ticket(4-5 May)
UT43M4ZA8,Regular 2-Day Ticket(4-5 May)
K9SL2G8ZP,Regular 2-Day Ticket(4-5 May)
8STT9WTXG,Regular 2-Day Ticket(4-5 May)
GFFLCPP5P,Regular 2-Day Ticket(4-5 May)
KSH4Y38FD,Regular 2-Day Ticket(4-5 May)
R4N5ZWE6U,Regular 2-Day Ticket(4-5 May)
368N73WH8,Regular 2-Day Ticket(4-5 May)
SDB43HEU5,Regular 2-Day Ticket(4-5 May)
Z8A682R3W,Regular 2-Day Ticket(4-5 May)
GT8EJT4YY,Regular 2-Day Ticket(4-5 May)
WS985J8ML,Regular 2-Day Ticket(4-5 May)
8D2NGY6AZ,Regular 2-Day Ticket(4-5 May)
5LPVTWFP2,Regular 2-Day Ticket(4-5 May)
4DGAJXWY4,Regular 2-Day Ticket(4-5 May)
DG926TK46,Regular 2-Day Ticket(4-5 May)
3FHKSVXWB,Regular 2-Day Ticket(4-5 May)
VFY8V83KM,Regular 2-Day Ticket(4-5 May)
73NUELLVS,Regular 2-Day Ticket(4-5 May)
R4YDTBP9F,Regular 2-Day Ticket(4-5 May)
LESHSN3WY,Regular 2-Day Ticket(4-5 May)
5AS4N5W3F,Regular 2-Day Ticket(4-5 May)
HMTYKDCUR,Regular 2-Day Ticket(4-5 May)
6P2D568UV,Regular 2-Day Ticket(4-5 May)
EMVLH6ATX,Regular 2-Day Ticket(4-5 May)
B9YYDL497,Regular 2-Day Ticket(4-5 May)
B9S8EZFJE,Regular 2-Day Ticket(4-5 May)
JWW842G5M,Regular 2-Day Ticket(4-5 May)
TTLZ7LMTL,Regular 2-Day Ticket(4-5 May)
5DJ4SXW72,Regular 2-Day Ticket(4-5 May)
EAAWCXUSM,Regular 2-Day Ticket(4-5 May)
TRS7T4R4Y,Regular 2-Day Ticket(4-5 May)
FLFEGSMPK,Regular 2-Day Ticket(4-5 May)
UMSGGEFRE,Regular 2-Day Ticket(4-5 May)
THU997H3H,Regular 2-Day Ticket(4-5 May)
SBJ37Y9VG,Regular 2-Day Ticket(4-5 May)
242P6X8JZ,Regular 2-Day Ticket(4-5 May)
EE7XJL88T,Regular 2-Day Ticket(4-5 May)
PUAD3HFU8,Regular 2-Day Ticket(4-5 May)
DUZNR9UVU,Regular 2-Day Ticket(4-5 May)
P7WDSZY9L,Regular 2-Day Ticket(4-5 May)
UYAFTAR3Y,Regular 2-Day Ticket(4-5 May)
USU7W3EL5,Regular 2-Day Ticket(4-5 May)
6Y499WNPZ,Regular 2-Day Ticket(4-5 May)
M57BMERKT,Regular 2-Day Ticket(4-5 May)
5KKXU5X5J,Regular 2-Day Ticket(4-5 May)
GFW77M57T,Regular 2-Day Ticket(4-5 May)
X5BZGLR5R,Regular 2-Day Ticket(4-5 May)
ASLGAM4WJ,Regular 2-Day Ticket(4-5 May)
YK53NWCFW,Regular 2-Day Ticket(4-5 May)
PBG563JTY,Regular 2-Day Ticket(4-5 May)
6S5FHA4TW,Regular 2-Day Ticket(4-5 May)
4T68LP39R,Regular 2-Day Ticket(4-5 May)
6DXPGXZFD,Regular 2-Day Ticket(4-5 May)
EL78FZ2ET,Regular 2-Day Ticket(4-5 May)
23X394AGA,Regular 2-Day Ticket(4-5 May)
DWG6J3FTL,Regular 2-Day Ticket(4-5 May)
NASNU6N3B,Regular 2-Day Ticket(4-5 May)
WWDRXLCCY,Regular 2-Day Ticket(4-5 May)
PG352Z9WJ,Regular 2-Day Ticket(4-5 May)
VV7SA4V5P,Regular 2-Day Ticket(4-5 May)
D45GBLDEU,Regular 2-Day Ticket(4-5 May)
LV8J4E3P8,Regular 2-Day Ticket(4-5 May)
MLGZZ2MCX,Regular 2-Day Ticket(4-5 May)
5ZBDFE9PY,Regular 2-Day Ticket(4-5 May)
7YWNCUJMH,Regular 2-Day Ticket(4-5 May)
8946BKNLT,Regular 2-Day Ticket(4-5 May)
GYB22MSGK,Regular 2-Day Ticket(4-5 May)
ZCECWLAZL,Regular 2-Day Ticket(4-5 May)
JE9AB6TPH,Regular 2-Day Ticket(4-5 May)
UF5UP4KXJ,Regular 2-Day Ticket(4-5 May)
TGT2SU3AT,Regular 2-Day Ticket(4-5 May)
VWKX3SEKC,Regular 2-Day Ticket(4-5 May)
CUL698RK6,Regular 2-Day Ticket(4-5 May)
7SKDFPB6V,Regular 2-Day Ticket(4-5 May)
SH5HFYXMR,Regular 2-Day Ticket(4-5 May)
HFAUNCDMV,Regular 2-Day Ticket(4-5 May)
XHNRBNDDV,Regular 2-Day Ticket(4-5 May)
2T5M6TFY6,Regular 2-Day Ticket(4-5 May)
JJUBJU974,Regular 2-Day Ticket(4-5 May)
4N5PR2B8R,Regular 2-Day Ticket(4-5 May)
249TWUBET,Regular 2-Day Ticket(4-5 May)
YSAH4Z7BL,Regular 2-Day Ticket(4-5 May)
TEX5KG8TY,Regular 2-Day Ticket(4-5 May)
ANKVAGZ3S,Regular 2-Day Ticket(4-5 May)
KGZFYRH53,Regular 2-Day Ticket(4-5 May)
WMPU3AKP6,Regular 2-Day Ticket(4-5 May)
8E8THAXVR,Regular 2-Day Ticket(4-5 May)
XCG5AHV6F,Regular 2-Day Ticket(4-5 May)
8AERGLKUD,Regular 2-Day Ticket(4-5 May)
AV758PHV8,Regular 2-Day Ticket(4-5 May)
2WL42NSJV,Regular 2-Day Ticket(4-5 May)
KZ73VSYU9,Regular 2-Day Ticket(4-5 May)
HBY5H5PAJ,Regular 2-Day Ticket(4-5 May)
7ZL5X9LPF,Regular 2-Day Ticket(4-5 May)
KC2LZSGRN,Regular 2-Day Ticket(4-5 May)
68W65CRYR,Regular 2-Day Ticket(4-5 May)
B9NVTKMME,Regular 2-Day Ticket(4-5 May)
SYNAHKUT5,Regular 2-Day Ticket(4-5 May)
H8S9N8J5Y,Regular 2-Day Ticket(4-5 May)
2DU6PA52J,Regular 2-Day Ticket(4-5 May)
UNP68N277,Regular 2-Day Ticket(4-5 May)
L4E727P55,Regular 2-Day Ticket(4-5 May)
LBWDBH42C,Regular 2-Day Ticket(4-5 May)
V9N5YK9SP,Regular 2-Day Ticket(4-5 May)
XPR6YLLYN,Regular 2-Day Ticket(4-5 May)
BUDSU68C5,Regular 2-Day Ticket(4-5 May)
KU3JUK665,Regular 2-Day Ticket(4-5 May)
TCY8LBWHG,Regular 2-Day Ticket(4-5 May)
7V7SF9E3C,Regular 2-Day Ticket(4-5 May)
UA6MK3VAK,Regular 2-Day Ticket(4-5 May)
9YS3UTE5K,Regular 2-Day Ticket(4-5 May)
2TJTXBN4X,Regular 2-Day Ticket(4-5 May)
APMV9NZEK,Regular 2-Day Ticket(4-5 May)
AYDZJSEHR,Regular 2-Day Ticket(4-5 May)
33ZNPTRF7,Regular 2-Day Ticket(4-5 May)
PAVV2SX78,Regular 2-Day Ticket(4-5 May)
YJSC7DU4R,Regular 2-Day Ticket(4-5 May)
9V4NXMEPP,Regular 2-Day Ticket(4-5 May)
ADUXF7REE,Regular 2-Day Ticket(4-5 May)
AKD9PWAU6,Regular 2-Day Ticket(4-5 May)
JTDBX5HWN,Regular 2-Day Ticket(4-5 May)
8T97N54E4,Regular 2-Day Ticket(4-5 May)
CU7UV4LDE,Regular 2-Day Ticket(4-5 May)
VD4N29BZW,Regular 2-Day Ticket(4-5 May)
28Y98X5WT,Regular 2-Day Ticket(4-5 May)
VEBC3897L,Regular 2-Day Ticket(4-5 May)
FNULYYURC,Regular 2-Day Ticket(4-5 May)
L3PTMH35D,Regular 2-Day Ticket(4-5 May)
NNL9GDYHF,Regular 2-Day Ticket(4-5 May)
4FP2HRVS3,Regular 2-Day Ticket(4-5 May)
MBCNA7EUC,Regular 2-Day Ticket(4-5 May)
MGVXWSYKK,Regular 2-Day Ticket(4-5 May)
NE4HSEDTE,Regular 2-Day Ticket(4-5 May)
SPGS7WKER,Regular 2-Day Ticket(4-5 May)
UT58YLA7H,Regular 2-Day Ticket(4-5 May)
98AP4MKW8,Regular 2-Day Ticket(4-5 May)
2SWBAULNZ,Regular 2-Day Ticket(4-5 May)
686N6W7VP,Regular 2-Day Ticket(4-5 May)
F25A8ZP3N,Regular 2-Day Ticket(4-5 May)
BTC9J58YN,Regular 2-Day Ticket(4-5 May)
ASVVMRRFT,Regular 2-Day Ticket(4-5 May)
ETM36U8ZM,Regular 2-Day Ticket(4-5 May)
7GRDY8LH4,Regular 2-Day Ticket(4-5 May)
M38S6V9WY,Regular 2-Day Ticket(4-5 May)
9VKE8ZVNZ,Regular 2-Day Ticket(4-5 May)
AXLG5BBET,Regular 2-Day Ticket(4-5 May)
LUXA2L79R,Regular 2-Day Ticket(4-5 May)
BAMVN4S6U,Regular 2-Day Ticket(4-5 May)
SU8RDATVT,Regular 2-Day Ticket(4-5 May)
3U8USN4VN,Regular 2-Day Ticket(4-5 May)
AG4KH3J6K,Regular 2-Day Ticket(4-5 May)
4C5JCZHH6,Regular 2-Day Ticket(4-5 May)
YWGJME2P6,Regular 2-Day Ticket(4-5 May)
ACWUU26CF,Regular 2-Day Ticket(4-5 May)
9HZZ9XESE,Regular 2-Day Ticket(4-5 May)
EYMJBNU48,Regular 2-Day Ticket(4-5 May)
CVKCS9FJB,Regular 2-Day Ticket(4-5 May)
GNUTX2GTA,Regular 2-Day Ticket(4-5 May)
GZ2NF8KD5,Regular 2-Day Ticket(4-5 May)
JC5NT6CS9,Regular 2-Day Ticket(4-5 May)
XJARWBTCR,Regular 2-Day Ticket(4-5 May)
E3PPHB63K,Regular 2-Day Ticket(4-5 May)
XUVZZ3HK2,Regular 2-Day Ticket(4-5 May)
5XT4JJECY,Regular 2-Day Ticket(4-5 May)
Y5DKCWVA6,Regular 2-Day Ticket(4-5 May)
4PRWGFK92,Regular 2-Day Ticket(4-5 May)
HSSEZXH9K,Regular 2-Day Ticket(4-5 May)
5GA3Y2932,Regular 2-Day Ticket(4-5 May)
J6STNMATV,Regular 2-Day Ticket(4-5 May)
ABNUT75XM,Regular 2-Day Ticket(4-5 May)
ZL3GJW3CT,Regular 2-Day Ticket(4-5 May)
8FTPP2GEG,Regular 2-Day Ticket(4-5 May)
TNW5H2BXG,Regular 2-Day Ticket(4-5 May)
GRKNM7KN9,Regular 2-Day Ticket(4-5 May)
SFYC34C2N,Regular 2-Day Ticket(4-5 May)
SLR6FTDM7,Regular 2-Day Ticket(4-5 May)
D4G9CBGY5,Regular 2-Day Ticket(4-5 May)
V2CAE9EST,Regular 2-Day Ticket(4-5 May)
SD9PY9XKH,Regular 2-Day Ticket(4-5 May)
XNV8B5YEX,Regular 2-Day Ticket(4-5 May)
DGVVDR52F,Regular 2-Day Ticket(4-5 May)
9749MTBZL,Regular 2-Day Ticket(4-5 May)
RT6S25FS4,Regular 2-Day Ticket(4-5 May)
D7GNN49PM,Regular 2-Day Ticket(4-5 May)
T6RSUY5H7,Regular 2-Day Ticket(4-5 May)
CCV9YZJAU,Regular 2-Day Ticket(4-5 May)
2TU7XA2Z2,Regular 2-Day Ticket(4-5 May)
6LSAHNKM3,Regular 2-Day Ticket(4-5 May)
97XCRKJDM,Regular 2-Day Ticket(4-5 May)
96R4X2SKS,Regular 2-Day Ticket(4-5 May)
FZMJVJ76T,Regular 2-Day Ticket(4-5 May)
5XEKEY8XD,Regular 2-Day Ticket(4-5 May)
